Domain Code,Domain,Area Code (M49),Area,Element Code,Element,Item Code (CPC),Item,Year Code,Year,Unit,Value,Flag,Flag Description,Note
"TCL","Crops and livestock products","076","Brazil","5910","Export quantity","01371","Almonds, in shell","2023","2023","t","4.8","A","Official figure",""
"TCL","Crops and livestock products","076","Brazil","5910","Export quantity","21422","Almonds, shelled","2023","2023","t","4.43","I","Value imputed by a receiving agency",""
"TCL","Crops and livestock products","076","Brazil","5910","Export quantity","21529.03","Animal oils and fats n.e.c.","2023","2023","t","20635.66","A","Official figure",""
"TCL","Crops and livestock products","076","Brazil","5910","Export quantity","34550","Animal or vegetable fats and oils and their fractions, chemically modified, except those hydrogenated, inter-esterified, re-esterified or elaidinized; inedible mixtures or preparations of animal or vegetable fats or oils","2023","2023","t","36222.95","A","Official figure",""
"TCL","Crops and livestock products","076","Brazil","5910","Export quantity","01654","Anise, badian, coriander, cumin, caraway, fennel and juniper berries, raw","2023","2023","t","30.08","I","Value imputed by a receiving agency",""
"TCL","Crops and livestock products","076","Brazil","5910","Export quantity","21435.01","Apple juice","2023","2023","t","720.89","A","Official figure",""
"TCL","Crops and livestock products","076","Brazil","5910","Export quantity","21435.02","Apple juice, concentrated","2023","2023","t","19437.79","A","Official figure",""
"TCL","Crops and livestock products","076","Brazil","5910","Export quantity","01341","Apples","2023","2023","t","35978.65","A","Official figure",""
"TCL","Crops and livestock products","076","Brazil","5910","Export quantity","01343","Apricots","2023","2023","t","0.17","A","Official figure",""
"TCL","Crops and livestock products","076","Brazil","5910","Export quantity","21419.01","Apricots, dried","2023","2023","t","0.42","I","Value imputed by a receiving agency",""
"TCL","Crops and livestock products","076","Brazil","5910","Export quantity","01379.01","Areca nuts","2023","2023","t","265.06","A","Official figure",""
"TCL","Crops and livestock products","076","Brazil","5910","Export quantity","01216","Artichokes","2023","2023","t","0.08","A","Official figure",""
"TCL","Crops and livestock products","076","Brazil","5910","Export quantity","01211","Asparagus","2023","2023","t","8.25","A","Official figure",""
"TCL","Crops and livestock products","076","Brazil","5910","Export quantity","01311","Avocados","2023","2023","t","26164.3","A","Official figure",""
"TCL","Crops and livestock products","076","Brazil","5910","Export quantity","01708","Bambara beans, dry","2023","2023","t","0.09","A","Official figure",""
"TCL","Crops and livestock products","076","Brazil","5910","Export quantity","01312","Bananas","2023","2023","t","55803.67","A","Official figure",""
"TCL","Crops and livestock products","076","Brazil","5910","Export quantity","0115","Barley","2023","2023","t","0.73","A","Official figure",""
"TCL","Crops and livestock products","076","Brazil","5910","Export quantity","01701","Beans, dry","2023","2023","t","85407.28","A","Official figure",""
"TCL","Crops and livestock products","076","Brazil","5910","Export quantity","F0875","beef and veal preparations nes","2023","2023","t","94351.97","A","Official figure",""
"TCL","Crops and livestock products","076","Brazil","5910","Export quantity","24310.01","Beer of barley, malted","2023","2023","t","233731.5","A","Official figure",""
"TCL","Crops and livestock products","076","Brazil","5907","Export quantity","02196","Bees","2023","2023","No","0","A","Official figure",""
"TCL","Crops and livestock products","076","Brazil","5910","Export quantity","02960.01","Beeswax","2023","2023","t","55.99","A","Official figure",""
"TCL","Crops and livestock products","076","Brazil","5910","Export quantity","39149.01","Beet pulp","2023","2023","t","143.69","A","Official figure",""
"TCL","Crops and livestock products","076","Brazil","5910","Export quantity","21182","Bovine meat, salted, dried or smoked","2023","2023","t","2775.48","A","Official figure",""
"TCL","Crops and livestock products","076","Brazil","5910","Export quantity","39120.13","Bran of cereals n.e.c.","2023","2023","t","4079.85","A","Official figure",""
"TCL","Crops and livestock products","076","Brazil","5910","Export quantity","39120.04","Bran of maize","2023","2023","t","600182.36","A","Official figure",""
"TCL","Crops and livestock products","076","Brazil","5910","Export quantity","39120.14","Bran of pulses","2023","2023","t","50","A","Official figure",""
"TCL","Crops and livestock products","076","Brazil","5910","Export quantity","39120.01","Bran of wheat","2023","2023","t","519.12","A","Official figure",""
"TCL","Crops and livestock products","076","Brazil","5910","Export quantity","01377","Brazil nuts, in shell","2023","2023","t","5677.03","A","Official figure",""
"TCL","Crops and livestock products","076","Brazil","5910","Export quantity","21429.01","Brazil nuts, shelled","2023","2023","t","3278.89","A","Official figure",""
"TCL","Crops and livestock products","076","Brazil","5910","Export quantity","F0020","Bread","2023","2023","t","1689.84","A","Official figure",""
"TCL","Crops and livestock products","076","Brazil","5910","Export quantity","23140.03","Breakfast cereals","2023","2023","t","8349.8","I","Value imputed by a receiving agency",""
"TCL","Crops and livestock products","076","Brazil","5910","Export quantity","01702","Broad beans and horse beans, dry","2023","2023","t","0.13","A","Official figure",""
"TCL","Crops and livestock products","076","Brazil","5910","Export quantity","01243","Broad beans and horse beans, green","2023","2023","t","153.64","A","Official figure",""
"TCL","Crops and livestock products","076","Brazil","5910","Export quantity","01192","Buckwheat","2023","2023","t","4109.63","A","Official figure",""
"TCL","Crops and livestock products","076","Brazil","5908","Export quantity","02112","Buffalo","2023","2023","An","0","A","Official figure",""
"TCL","Crops and livestock products","076","Brazil","5910","Export quantity","22241.01","Butter of cow milk","2023","2023","t","359.75","I","Value imputed by a receiving agency",""
"TCL","Crops and livestock products","076","Brazil","5910","Export quantity","22230.03","Buttermilk, curdled and acidified milk","2023","2023","t","498.94","A","Official figure",""
"TCL","Crops and livestock products","076","Brazil","5910","Export quantity","01212","Cabbages","2023","2023","t","1570.97","A","Official figure",""
"TCL","Crops and livestock products","076","Brazil","5910","Export quantity","21910.03","Cake of  soya beans","2023","2023","t","22473504.68","A","Official figure",""
"TCL","Crops and livestock products","076","Brazil","5910","Export quantity","21910.05","Cake of copra","2023","2023","t","0.01","A","Official figure",""
"TCL","Crops and livestock products","076","Brazil","5910","Export quantity","21910.04","Cake of groundnuts","2023","2023","t","255.16","A","Official figure",""
"TCL","Crops and livestock products","076","Brazil","5910","Export quantity","21910.06","Cake of palm kernel","2023","2023","t","0.13","A","Official figure",""
"TCL","Crops and livestock products","076","Brazil","5910","Export quantity","21910.08","Cake of rapeseed","2023","2023","t","0","A","Official figure",""
"TCL","Crops and livestock products","076","Brazil","5910","Export quantity","21910.07","Cake of sunflower seed","2023","2023","t","0.18","A","Official figure",""
"TCL","Crops and livestock products","076","Brazil","5910","Export quantity","21910.90","Cake, oilseeds nes","2023","2023","t","8772.9","A","Official figure",""
"TCL","Crops and livestock products","076","Brazil","5910","Export quantity","01195","Canary seed","2023","2023","t","8.38","A","Official figure",""
"TCL","Crops and livestock products","076","Brazil","5910","Export quantity","21397.01","Canned mushrooms","2023","2023","t","46.08","I","Value imputed by a receiving agency",""
"TCL","Crops and livestock products","076","Brazil","5910","Export quantity","01229","Cantaloupes and other melons","2023","2023","t","228165.7","A","Official figure",""
"TCL","Crops and livestock products","076","Brazil","5910","Export quantity","01251","Carrots and turnips","2023","2023","t","1307.62","A","Official figure",""
"TCL","Crops and livestock products","076","Brazil","5910","Export quantity","01372","Cashew nuts, in shell","2023","2023","t","0.64","I","Value imputed by a receiving agency",""
"TCL","Crops and livestock products","076","Brazil","5910","Export quantity","21424","Cashew nuts, shelled","2023","2023","t","12011.78","A","Official figure",""
"TCL","Crops and livestock products","076","Brazil","5910","Export quantity","01520.02","Cassava, dry","2023","2023","t","215.62","A","Official figure",""
"TCL","Crops and livestock products","076","Brazil","5910","Export quantity","01447","Castor oil seeds","2023","2023","t","394.57","A","Official figure",""
"TCL","Crops and livestock products","076","Brazil","5908","Export quantity","02111","Cattle","2023","2023","An","555706","A","Official figure",""
"TCL","Crops and livestock products","076","Brazil","5910","Export quantity","21512","Cattle fat, unrendered","2023","2023","t","5666.4","A","Official figure",""
"TCL","Crops and livestock products","076","Brazil","5910","Export quantity","01213","Cauliflowers and broccoli","2023","2023","t","276.42","A","Official figure",""
"TCL","Crops and livestock products","076","Brazil","5910","Export quantity","23140.08","Cereal preparations","2023","2023","t","10570.64","A","Official figure",""
"TCL","Crops and livestock products","076","Brazil","5910","Export quantity","01913","Cereal straw, husks, unprepared, ground, pressed, or in the form of pellets","2023","2023","t","1699.73","A","Official figure",""
"TCL","Crops and livestock products","076","Brazil","5910","Export quantity","01199.90","Cereals n.e.c.","2023","2023","t","41.59","A","Official figure",""
"TCL","Crops and livestock products","076","Brazil","5910","Export quantity","22251.01","Cheese from whole cow milk","2023","2023","t","774.93","A","Official figure",""
"TCL","Crops and livestock products","076","Brazil","5910","Export quantity","01344.02","Cherries","2023","2023","t","0.21","A","Official figure",""
"TCL","Crops and livestock products","076","Brazil","5910","Export quantity","01373","Chestnuts, in shell","2023","2023","t","14.93","A","Official figure",""
"TCL","Crops and livestock products","076","Brazil","5910","Export quantity","01703","Chick peas, dry","2023","2023","t","31.1","A","Official figure",""
"TCL","Crops and livestock products","076","Brazil","5909","Export quantity","02151","Chickens","2023","2023","1000 An","22176","A","Official figure",""
"TCL","Crops and livestock products","076","Brazil","5910","Export quantity","01691","Chicory roots","2023","2023","t","0.16","A","Official figure",""
"TCL","Crops and livestock products","076","Brazil","5910","Export quantity","01652","Chillies and peppers, dry (Capsicum spp., Pimenta spp.), raw","2023","2023","t","2231.99","A","Official figure",""
"TCL","Crops and livestock products","076","Brazil","5910","Export quantity","01231","Chillies and peppers, green (Capsicum spp. and Pimenta spp.)","2023","2023","t","340.43","A","Official figure",""
"TCL","Crops and livestock products","076","Brazil","5910","Export quantity","F0666","Chocolate products nes","2023","2023","t","41543.65","I","Value imputed by a receiving agency",""
"TCL","Crops and livestock products","076","Brazil","5910","Export quantity","24230.03","Cider and other fermented beverages","2023","2023","t","7854.7","A","Official figure",""
"TCL","Crops and livestock products","076","Brazil","5910","Export quantity","25020.01","Cigarettes","2023","2023","t","6931.84","A","Official figure",""
"TCL","Crops and livestock products","076","Brazil","5910","Export quantity","25020.02","Cigars and cheroots","2023","2023","t","6.87","A","Official figure",""
"TCL","Crops and livestock products","076","Brazil","5910","Export quantity","01655","Cinnamon and cinnamon-tree flowers, raw","2023","2023","t","26.66","A","Official figure",""
"TCL","Crops and livestock products","076","Brazil","5910","Export quantity","21439.05","Citrus juice, concentrated n.e.c.","2023","2023","t","18936.57","A","Official figure",""
"TCL","Crops and livestock products","076","Brazil","5910","Export quantity","01656","Cloves (whole stems), raw","2023","2023","t","371.49","A","Official figure",""
"TCL","Crops and livestock products","076","Brazil","5910","Export quantity","01640","Cocoa beans","2023","2023","t","485.74","A","Official figure",""
"TCL","Crops and livestock products","076","Brazil","5910","Export quantity","23620","Cocoa butter, fat and oil","2023","2023","t","16145.89","A","Official figure",""
"TCL","Crops and livestock products","076","Brazil","5910","Export quantity","39150.02","Cocoa husks and shells","2023","2023","t","20.33","A","Official figure",""
"TCL","Crops and livestock products","076","Brazil","5910","Export quantity","23610.01","Cocoa paste not defatted","2023","2023","t","5860.55","A","Official figure",""
"TCL","Crops and livestock products","076","Brazil","5910","Export quantity","F0665","Cocoa powder and cake","2023","2023","t","25332.53","I","Value imputed by a receiving agency",""
"TCL","Crops and livestock products","076","Brazil","5910","Export quantity","2166","Coconut oil","2023","2023","t","91.13","A","Official figure",""
"TCL","Crops and livestock products","076","Brazil","5910","Export quantity","21429.07","Coconuts, desiccated","2023","2023","t","50.18","I","Value imputed by a receiving agency",""
"TCL","Crops and livestock products","076","Brazil","5910","Export quantity","01460","Coconuts, in shell","2023","2023","t","826","A","Official figure",""
"TCL","Crops and livestock products","076","Brazil","5910","Export quantity","23912.02","Coffee extracts","2023","2023","t","93258.32","I","Value imputed by a receiving agency",""
"TCL","Crops and livestock products","076","Brazil","5910","Export quantity","23912.01","Coffee substitutes","2023","2023","t","14.15","A","Official figure",""
"TCL","Crops and livestock products","076","Brazil","5910","Export quantity","23911","Coffee, decaffeinated or roasted","2023","2023","t","4456.37","A","Official figure",""
"TCL","Crops and livestock products","076","Brazil","5910","Export quantity","01610","Coffee, green","2023","2023","t","2116567.93","I","Value imputed by a receiving agency",""
"TCL","Crops and livestock products","076","Brazil","5910","Export quantity","01929.08","Coir, raw","2023","2023","t","7.58","A","Official figure",""
"TCL","Crops and livestock products","076","Brazil","5910","Export quantity","23490.01","Communion wafers, empty cachets of a kind suitable for pharmaceutical use, sealing wafers, rice paper and similar products.","2023","2023","t","24047.36","A","Official figure",""
"TCL","Crops and livestock products","076","Brazil","5910","Export quantity","01921.02","Cotton lint, ginned","2023","2023","t","1618187.73","A","Official figure",""
"TCL","Crops and livestock products","076","Brazil","5910","Export quantity","21800","Cotton linters","2023","2023","t","31649.77","A","Official figure",""
"TCL","Crops and livestock products","076","Brazil","5910","Export quantity","0143","Cotton seed","2023","2023","t","10370.2","A","Official figure",""
"TCL","Crops and livestock products","076","Brazil","5910","Export quantity","F0769","Cotton waste","2023","2023","t","10980.08","A","Official figure",""
"TCL","Crops and livestock products","076","Brazil","5910","Export quantity","26160","Cotton, carded or combed","2023","2023","t","40.44","A","Official figure",""
"TCL","Crops and livestock products","076","Brazil","5910","Export quantity","2168","Cottonseed oil","2023","2023","t","10625.92","A","Official figure",""
"TCL","Crops and livestock products","076","Brazil","5910","Export quantity","01706","Cow peas, dry","2023","2023","t","53565.97","A","Official figure",""
"TCL","Crops and livestock products","076","Brazil","5910","Export quantity","22120","Cream, fresh","2023","2023","t","6055.12","A","Official figure",""
"TCL","Crops and livestock products","076","Brazil","5910","Export quantity","01232","Cucumbers and gherkins","2023","2023","t","206.28","A","Official figure",""
"TCL","Crops and livestock products","076","Brazil","5910","Export quantity","01351.01","Currants","2023","2023","t","0.02","A","Official figure",""
"TCL","Crops and livestock products","076","Brazil","5910","Export quantity","22290","Dairy products n.e.c.","2023","2023","t","584.73","A","Official figure",""
"TCL","Crops and livestock products","076","Brazil","5910","Export quantity","01314","Dates","2023","2023","t","1.18","I","Value imputed by a receiving agency",""
"TCL","Crops and livestock products","076","Brazil","5910","Export quantity","23311","Dog or cat food, put up for retail sale","2023","2023","t","74494.39","A","Official figure",""
"TCL","Crops and livestock products","076","Brazil","5910","Export quantity","21393.01","Dried mushrooms","2023","2023","t","21.51","A","Official figure",""
"TCL","Crops and livestock products","076","Brazil","5910","Export quantity","21151","Edible offal of cattle, fresh, chilled or frozen","2023","2023","t","156802.34","A","Official figure",""
"TCL","Crops and livestock products","076","Brazil","5910","Export quantity","21153","Edible offal of pigs, fresh, chilled or frozen","2023","2023","t","101643.71","A","Official figure",""
"TCL","Crops and livestock products","076","Brazil","5910","Export quantity","21159.01","Edible offals of horses and other equines,  fresh, chilled or frozen","2023","2023","t","244.41","A","Official figure",""
"TCL","Crops and livestock products","076","Brazil","5910","Export quantity","01599.10","Edible roots and tubers with high starch or inulin content, n.e.c., fresh","2023","2023","t","49.18","A","Official figure",""
"TCL","Crops and livestock products","076","Brazil","5910","Export quantity","01233","Eggplants (aubergines)","2023","2023","t","190.42","A","Official figure",""
"TCL","Crops and livestock products","076","Brazil","5910","Export quantity","0232","Eggs from other birds in shell, fresh, n.e.c.","2023","2023","t","529.4","I","Value imputed by a receiving agency",""
"TCL","Crops and livestock products","076","Brazil","5910","Export quantity","23993.03","Eggs, dried","2023","2023","t","2353.15","A","Official figure",""
"TCL","Crops and livestock products","076","Brazil","5910","Export quantity","23993.02","Eggs, liquid","2023","2023","t","5609.76","A","Official figure",""
"TCL","Crops and livestock products","076","Brazil","5910","Export quantity","35410.90","Essential oils n.e.c.","2023","2023","t","50443.14","I","Value imputed by a receiving agency",""
"TCL","Crops and livestock products","076","Brazil","5910","Export quantity","21185","Extracts and juices of meat, fish, crustaceans, molluscs or other aquatic invertebrates","2023","2023","t","594.14","I","Value imputed by a receiving agency",""
"TCL","Crops and livestock products","076","Brazil","5910","Export quantity","23914","Extracts, essences and concentrates of tea or mate, and preparations with a basis thereof or with a basis of tea or maté","2023","2023","t","256.48","I","Value imputed by a receiving agency",""
"TCL","Crops and livestock products","076","Brazil","5910","Export quantity","21511.01","Fat of pigs","2023","2023","t","599.97","A","Official figure",""
"TCL","Crops and livestock products","076","Brazil","5910","Export quantity","21511.03","Fat of poultry","2023","2023","t","6860.65","A","Official figure",""
"TCL","Crops and livestock products","076","Brazil","5910","Export quantity","F1243","Fat preparations n.e.c.","2023","2023","t","3788.15","A","Official figure",""
"TCL","Crops and livestock products","076","Brazil","5910","Export quantity","01315","Figs","2023","2023","t","1818.98","A","Official figure",""
"TCL","Crops and livestock products","076","Brazil","5910","Export quantity","21419.02","Figs, dried","2023","2023","t","0.25","I","Value imputed by a receiving agency",""
"TCL","Crops and livestock products","076","Brazil","5910","Export quantity","01929.01","Flax, raw or retted","2023","2023","t","0","A","Official figure",""
"TCL","Crops and livestock products","076","Brazil","5910","Export quantity","26190.02","Flax, tow and waste","2023","2023","t","13.64","A","Official figure",""
"TCL","Crops and livestock products","076","Brazil","5910","Export quantity","23170.01","Flour of cassava","2023","2023","t","6600.41","A","Official figure",""
"TCL","Crops and livestock products","076","Brazil","5910","Export quantity","23120.90","Flour of cereals n.e.c.","2023","2023","t","1.42","A","Official figure",""
"TCL","Crops and livestock products","076","Brazil","5910","Export quantity","23170.04","Flour of fruits","2023","2023","t","248.48","A","Official figure",""
"TCL","Crops and livestock products","076","Brazil","5910","Export quantity","23120.03","Flour of maize","2023","2023","t","44020.61","A","Official figure",""
"TCL","Crops and livestock products","076","Brazil","5910","Export quantity","23995.03","Flour of mustard seed","2023","2023","t","839.97","A","Official figure",""
"TCL","Crops and livestock products","076","Brazil","5910","Export quantity","23170.03","Flour of pulses","2023","2023","t","14.43","A","Official figure",""
"TCL","Crops and livestock products","076","Brazil","5910","Export quantity","23120.01","Flour of rice","2023","2023","t","324.95","A","Official figure",""
"TCL","Crops and livestock products","076","Brazil","5910","Export quantity","21392","Flour, meal, powder, flakes, granules and pellets of potatoes","2023","2023","t","207.74","A","Official figure",""
"TCL","Crops and livestock products","076","Brazil","5910","Export quantity","21920","Flours and meals of oil seeds or oleaginous fruits, except those of mustard","2023","2023","t","854.56","A","Official figure",""
"TCL","Crops and livestock products","076","Brazil","5910","Export quantity","F1232","Food preparations n.e.c.","2023","2023","t","198820.95","I","Value imputed by a receiving agency",""
"TCL","Crops and livestock products","076","Brazil","5910","Export quantity","23999.02","Food preparations of flour, meal or malt extract","2023","2023","t","39544.38","A","Official figure",""
"TCL","Crops and livestock products","076","Brazil","5910","Export quantity","39170.01","Food wastes","2023","2023","t","279993.95","A","Official figure",""
"TCL","Crops and livestock products","076","Brazil","5910","Export quantity","F0623","Fruit prepared n.e.c.","2023","2023","t","55489.42","I","Value imputed by a receiving agency",""
"TCL","Crops and livestock products","076","Brazil","5910","Export quantity","23670.02","Fruit, nuts, peel, sugar preserved","2023","2023","t","1644.1","A","Official figure",""
"TCL","Crops and livestock products","076","Brazil","5910","Export quantity","23140.06","Germ of maize","2023","2023","t","24.49","A","Official figure",""
"TCL","Crops and livestock products","076","Brazil","5910","Export quantity","22241.02","Ghee from cow milk","2023","2023","t","0.98","I","Value imputed by a receiving agency",""
"TCL","Crops and livestock products","076","Brazil","5910","Export quantity","01657","Ginger, raw","2023","2023","t","32257.91","A","Official figure",""
"TCL","Crops and livestock products","076","Brazil","5910","Export quantity","23210.05","Glucose and dextrose","2023","2023","t","22036.56","A","Official figure",""
"TCL","Crops and livestock products","076","Brazil","5910","Export quantity","39130.04","Gluten feed and meal","2023","2023","t","2665.3","A","Official figure",""
"TCL","Crops and livestock products","076","Brazil","5908","Export quantity","02123","Goats","2023","2023","An","1","A","Official figure",""
"TCL","Crops and livestock products","076","Brazil","5910","Export quantity","21434","Grape juice","2023","2023","t","5224.75","A","Official figure",""
"TCL","Crops and livestock products","076","Brazil","5910","Export quantity","21432","Grapefruit juice","2023","2023","t","0.12","A","Official figure",""
"TCL","Crops and livestock products","076","Brazil","5910","Export quantity","01330","Grapes","2023","2023","t","73211.55","A","Official figure",""
"TCL","Crops and livestock products","076","Brazil","5910","Export quantity","01290.01","Green corn (maize)","2023","2023","t","1461.21","A","Official figure",""
"TCL","Crops and livestock products","076","Brazil","5910","Export quantity","01252","Green garlic","2023","2023","t","108.31","A","Official figure",""
"TCL","Crops and livestock products","076","Brazil","5910","Export quantity","2162","Groundnut oil","2023","2023","t","96278.53","A","Official figure",""
"TCL","Crops and livestock products","076","Brazil","5910","Export quantity","0142","Groundnuts, excluding shelled","2023","2023","t","262.2","A","Official figure",""
"TCL","Crops and livestock products","076","Brazil","5910","Export quantity","21421","Groundnuts, shelled","2023","2023","t","297455.38","A","Official figure",""
"TCL","Crops and livestock products","076","Brazil","5910","Export quantity","26150.01","Hair, carded/combed","2023","2023","t","0.11","A","Official figure",""
"TCL","Crops and livestock products","076","Brazil","5910","Export quantity","01374","Hazelnuts, in shell","2023","2023","t","0.15","I","Value imputed by a receiving agency",""
"TCL","Crops and livestock products","076","Brazil","5910","Export quantity","21423","Hazelnuts, shelled","2023","2023","t","0.35","A","Official figure",""
"TCL","Crops and livestock products","076","Brazil","5910","Export quantity","0231","Hen eggs in shell, fresh","2023","2023","t","41463.13","A","Official figure",""
"TCL","Crops and livestock products","076","Brazil","5910","Export quantity","02951.05","Hides, cattle, dry salted","2023","2023","t","400.75","A","Official figure",""
"TCL","Crops and livestock products","076","Brazil","5910","Export quantity","02951.04","Hides, wet-salted of cattle","2023","2023","t","30879.77","A","Official figure",""
"TCL","Crops and livestock products","076","Brazil","5910","Export quantity","23991.03","Homogenized cooked fruit, prepared","2023","2023","t","11810.95","A","Official figure",""
"TCL","Crops and livestock products","076","Brazil","5910","Export quantity","23991.04","Homogenized meat preparations","2023","2023","t","2.28","A","Official figure",""
"TCL","Crops and livestock products","076","Brazil","5910","Export quantity","23991.02","Homogenized vegetable preparations","2023","2023","t","6.93","A","Official figure",""
"TCL","Crops and livestock products","076","Brazil","5910","Export quantity","01659","Hop cones","2023","2023","t","2.8","A","Official figure",""
"TCL","Crops and livestock products","076","Brazil","5910","Export quantity","21118.01","Horse meat, fresh or chilled","2023","2023","t","2593.84","A","Official figure",""
"TCL","Crops and livestock products","076","Brazil","5908","Export quantity","02131","Horses","2023","2023","An","833","A","Official figure",""
"TCL","Crops and livestock products","076","Brazil","5910","Export quantity","23162","Husked rice","2023","2023","t","21691.23","A","Official figure",""
"TCL","Crops and livestock products","076","Brazil","5910","Export quantity","F1275","hydrogenated oils and fats","2023","2023","t","8725.29","A","Official figure",""
"TCL","Crops and livestock products","076","Brazil","5910","Export quantity","17400","Ice and snow","2023","2023","t","15335.8","A","Official figure",""
"TCL","Crops and livestock products","076","Brazil","5910","Export quantity","22270","Ice cream and other edible ice","2023","2023","t","11111.59","A","Official figure",""
"TCL","Crops and livestock products","076","Brazil","5910","Export quantity","34120","Industrial monocarboxylic fatty acids; acid oils from refining","2023","2023","t","50177.94","A","Official figure",""
"TCL","Crops and livestock products","076","Brazil","5910","Export quantity","23991.01","Infant food","2023","2023","t","12961.31","A","Official figure",""
"TCL","Crops and livestock products","076","Brazil","5910","Export quantity","21691.06","Jojoba oil","2023","2023","t","4.07","A","Official figure",""
"TCL","Crops and livestock products","076","Brazil","5910","Export quantity","21439.90","Juice of fruits n.e.c.","2023","2023","t","85569.55","A","Official figure",""
"TCL","Crops and livestock products","076","Brazil","5910","Export quantity","21439.02","Juice of lemon","2023","2023","t","24075.51","A","Official figure",""
"TCL","Crops and livestock products","076","Brazil","5910","Export quantity","21433.01","Juice of pineapples, concentrated","2023","2023","t","6405.84","A","Official figure",""
"TCL","Crops and livestock products","076","Brazil","5910","Export quantity","01922.01","Jute, raw or retted","2023","2023","t","0.66","A","Official figure",""
"TCL","Crops and livestock products","076","Brazil","5910","Export quantity","01352","Kiwi fruit","2023","2023","t","49.6","A","Official figure",""
"TCL","Crops and livestock products","076","Brazil","5910","Export quantity","01379.02","Kola nuts","2023","2023","t","4.87","A","Official figure",""
"TCL","Crops and livestock products","076","Brazil","5910","Export quantity","23210.06","Lactose","2023","2023","t","104.9","A","Official figure",""
"TCL","Crops and livestock products","076","Brazil","5910","Export quantity","21529.02","Lard stearine and lard oil","2023","2023","t","0.01","A","Official figure",""
"TCL","Crops and livestock products","076","Brazil","5910","Export quantity","F1217","Leather used & waste","2023","2023","t","125.14","A","Official figure",""
"TCL","Crops and livestock products","076","Brazil","5910","Export quantity","01254","Leeks and other alliaceous vegetables","2023","2023","t","51.34","A","Official figure",""
"TCL","Crops and livestock products","076","Brazil","5910","Export quantity","01322","Lemons and limes","2023","2023","t","166617.51","A","Official figure",""
"TCL","Crops and livestock products","076","Brazil","5910","Export quantity","01704","Lentils, dry","2023","2023","t","58.85","A","Official figure",""
"TCL","Crops and livestock products","076","Brazil","5910","Export quantity","01214","Lettuce and chicory","2023","2023","t","351.45","A","Official figure",""
"TCL","Crops and livestock products","076","Brazil","5910","Export quantity","01441","Linseed","2023","2023","t","1.5","A","Official figure",""
"TCL","Crops and livestock products","076","Brazil","5910","Export quantity","21189.01","Liver preparations","2023","2023","t","32.94","A","Official figure",""
"TCL","Crops and livestock products","076","Brazil","5910","Export quantity","01356","Locust beans (carobs)","2023","2023","t","0.01","A","Official figure",""
"TCL","Crops and livestock products","076","Brazil","5910","Export quantity","23320","Lucerne (alfalfa) meal and pellets","2023","2023","t","0.02","A","Official figure",""
"TCL","Crops and livestock products","076","Brazil","5910","Export quantity","0112","Maize (corn)","2023","2023","t","55898040.86","A","Official figure",""
"TCL","Crops and livestock products","076","Brazil","5910","Export quantity","24320","Malt, whether or not roasted","2023","2023","t","26.43","A","Official figure",""
"TCL","Crops and livestock products","076","Brazil","5910","Export quantity","01316","Mangoes, guavas and mangosteens","2023","2023","t","266575.46","A","Official figure",""
"TCL","Crops and livestock products","076","Brazil","5910","Export quantity","21700.02","Margarine and shortening","2023","2023","t","34853.57","A","Official figure",""
"TCL","Crops and livestock products","076","Brazil","5910","Export quantity","01630","Maté leaves","2023","2023","t","41239.11","A","Official figure",""
"TCL","Crops and livestock products","076","Brazil","5910","Export quantity","21190.01","Meat meal","2023","2023","t","249163.46","A","Official figure",""
"TCL","Crops and livestock products","076","Brazil","5910","Export quantity","21111.02","Meat of cattle boneless, fresh or chilled","2023","2023","t","1994514.93","A","Official figure",""
"TCL","Crops and livestock products","076","Brazil","5910","Export quantity","21111.01","Meat of cattle with the bone, fresh or chilled","2023","2023","t","11329.14","A","Official figure",""
"TCL","Crops and livestock products","076","Brazil","5910","Export quantity","21121","Meat of chickens, fresh or chilled","2023","2023","t","4729629.31","A","Official figure",""
"TCL","Crops and livestock products","076","Brazil","5910","Export quantity","21122","Meat of ducks, fresh or chilled","2023","2023","t","3477.26","A","Official figure",""
"TCL","Crops and livestock products","076","Brazil","5910","Export quantity","21123","Meat of geese, fresh or chilled","2023","2023","t","0.07","A","Official figure",""
"TCL","Crops and livestock products","076","Brazil","5910","Export quantity","21116","Meat of goat, fresh or chilled","2023","2023","t","1.56","A","Official figure",""
"TCL","Crops and livestock products","076","Brazil","5910","Export quantity","21113.02","Meat of pig boneless, fresh or chilled","2023","2023","t","1052378.55","A","Official figure",""
"TCL","Crops and livestock products","076","Brazil","5910","Export quantity","21113.01","Meat of pig with the bone, fresh or chilled","2023","2023","t","34890.38","A","Official figure",""
"TCL","Crops and livestock products","076","Brazil","5910","Export quantity","21115","Meat of sheep, fresh or chilled","2023","2023","t","97.58","I","Value imputed by a receiving agency",""
"TCL","Crops and livestock products","076","Brazil","5910","Export quantity","21124","Meat of turkeys, fresh or chilled","2023","2023","t","62071.35","A","Official figure",""
"TCL","Crops and livestock products","076","Brazil","5910","Export quantity","F1172","Meat prepared n.e.c.","2023","2023","t","327.05","A","Official figure",""
"TCL","Crops and livestock products","076","Brazil","5910","Export quantity","01449.01","Melonseed","2023","2023","t","10.16","A","Official figure",""
"TCL","Crops and livestock products","076","Brazil","5910","Export quantity","0118","Millet","2023","2023","t","416.24","A","Official figure",""
"TCL","Crops and livestock products","076","Brazil","5910","Export quantity","23180","Mixes and doughs for the preparation of bakers' wares","2023","2023","t","49497.88","A","Official figure",""
"TCL","Crops and livestock products","076","Brazil","5910","Export quantity","23540","Molasses","2023","2023","t","71.5","A","Official figure",""
"TCL","Crops and livestock products","076","Brazil","5908","Export quantity","02133","Mules and hinnies","2023","2023","An","31","I","Value imputed by a receiving agency",""
"TCL","Crops and livestock products","076","Brazil","5910","Export quantity","01270","Mushrooms and truffles","2023","2023","t","29.21","A","Official figure",""
"TCL","Crops and livestock products","076","Brazil","5910","Export quantity","24212.01","Must of grape","2023","2023","t","120.91","A","Official figure",""
"TCL","Crops and livestock products","076","Brazil","5910","Export quantity","01442","Mustard seed","2023","2023","t","0.64","I","Value imputed by a receiving agency",""
"TCL","Crops and livestock products","076","Brazil","5910","Export quantity","02910","Natural honey","2023","2023","t","28554.76","A","Official figure",""
"TCL","Crops and livestock products","076","Brazil","5910","Export quantity","01950.02","Natural rubber in other forms","2023","2023","t","4820.49","I","Value imputed by a receiving agency",""
"TCL","Crops and livestock products","076","Brazil","5910","Export quantity","01950.01","Natural rubber in primary forms","2023","2023","t","6.8","A","Official figure",""
"TCL","Crops and livestock products","076","Brazil","5910","Export quantity","01653","Nutmeg, mace, cardamoms, raw","2023","2023","t","1.22","I","Value imputed by a receiving agency",""
"TCL","Crops and livestock products","076","Brazil","5910","Export quantity","0117","Oats","2023","2023","t","18367.86","A","Official figure",""
"TCL","Crops and livestock products","076","Brazil","5910","Export quantity","23140.07","Oats, rolled","2023","2023","t","868.62","A","Official figure",""
"TCL","Crops and livestock products","076","Brazil","5910","Export quantity","21691.04","Oil of castor beans","2023","2023","t","4946.47","A","Official figure",""
"TCL","Crops and livestock products","076","Brazil","5910","Export quantity","21691.12","Oil of linseed","2023","2023","t","13.88","A","Official figure",""
"TCL","Crops and livestock products","076","Brazil","5910","Export quantity","21691.02","Oil of maize","2023","2023","t","86940","A","Official figure",""
"TCL","Crops and livestock products","076","Brazil","5910","Export quantity","21673","Oil of olive residues","2023","2023","t","0.02","A","Official figure",""
"TCL","Crops and livestock products","076","Brazil","5910","Export quantity","21691.14","Oil of palm kernel","2023","2023","t","1058.02","A","Official figure",""
"TCL","Crops and livestock products","076","Brazil","5910","Export quantity","21691.07","Oil of sesame seed","2023","2023","t","19.12","I","Value imputed by a receiving agency",""
"TCL","Crops and livestock products","076","Brazil","5910","Export quantity","2167","Olive oil","2023","2023","t","117.2","A","Official figure",""
"TCL","Crops and livestock products","076","Brazil","5910","Export quantity","01450","Olives","2023","2023","t","2.41","A","Official figure",""
"TCL","Crops and livestock products","076","Brazil","5910","Export quantity","F0262","Olives preserved","2023","2023","t","344.46","A","Official figure",""
"TCL","Crops and livestock products","076","Brazil","5910","Export quantity","01253.01","Onions and shallots, green","2023","2023","t","4793.17","A","Official figure",""
"TCL","Crops and livestock products","076","Brazil","5910","Export quantity","21431.01","Orange juice","2023","2023","t","1936077.26","A","Official figure",""
"TCL","Crops and livestock products","076","Brazil","5910","Export quantity","21431.02","Orange juice, concentrated","2023","2023","t","711589.52","I","Value imputed by a receiving agency",""
"TCL","Crops and livestock products","076","Brazil","5910","Export quantity","01323","Oranges","2023","2023","t","2555.15","A","Official figure",""
"TCL","Crops and livestock products","076","Brazil","5910","Export quantity","01241.90","Other beans, green","2023","2023","t","7.45","A","Official figure",""
"TCL","Crops and livestock products","076","Brazil","5910","Export quantity","01355.90","Other berries and fruits of the genus vaccinium n.e.c.","2023","2023","t","4.22","A","Official figure",""
"TCL","Crops and livestock products","076","Brazil","5910","Export quantity","01329","Other citrus fruit, n.e.c.","2023","2023","t","33.17","A","Official figure",""
"TCL","Crops and livestock products","076","Brazil","5910","Export quantity","01929.90","Other fibre crops, raw, n.e.c.","2023","2023","t","45260.54","A","Official figure",""
"TCL","Crops and livestock products","076","Brazil","5910","Export quantity","01919.96","Other forage products, n.e.c.","2023","2023","t","195.67","A","Official figure",""
"TCL","Crops and livestock products","076","Brazil","5910","Export quantity","23210.03","Other fructose and syrup","2023","2023","t","0.02","A","Official figure",""
"TCL","Crops and livestock products","076","Brazil","5910","Export quantity","21419.99","Other fruit n.e.c., dried","2023","2023","t","118.54","A","Official figure",""
"TCL","Crops and livestock products","076","Brazil","5910","Export quantity","01359.90","Other fruits, n.e.c.","2023","2023","t","1565.96","A","Official figure",""
"TCL","Crops and livestock products","076","Brazil","5910","Export quantity","25090","Other manufactured tobacco and manufactured tobacco substitutes; "homogenized" or "reconstituted" tobacco; tobacco extracts and essences","2023","2023","t","28559.71","A","Official figure",""
"TCL","Crops and livestock products","076","Brazil","5910","Export quantity","21183","Other meat and edible meat offal, salted, in brine, dried or smoked; edible flours and meals of meat or meat offal","2023","2023","t","161627.64","A","Official figure",""
"TCL","Crops and livestock products","076","Brazil","5910","Export quantity","21119.90","Other meat of mammals, fresh or chilled","2023","2023","t","2.16","A","Official figure",""
"TCL","Crops and livestock products","076","Brazil","5910","Export quantity","24490","Other non-alcoholic caloric beverages","2023","2023","t","54567.19","A","Official figure",""
"TCL","Crops and livestock products","076","Brazil","5910","Export quantity","01379.90","Other nuts (excluding wild edible nuts and groundnuts), in shell, n.e.c.","2023","2023","t","1355.28","A","Official figure",""
"TCL","Crops and livestock products","076","Brazil","5910","Export quantity","21691.90","Other oil of vegetable origin, crude n.e.c.","2023","2023","t","26767.26","A","Official figure",""
"TCL","Crops and livestock products","076","Brazil","5910","Export quantity","01449.90","Other oil seeds, n.e.c.","2023","2023","t","1061.57","A","Official figure",""
"TCL","Crops and livestock products","076","Brazil","5910","Export quantity","01709.90","Other pulses n.e.c.","2023","2023","t","1.56","A","Official figure",""
"TCL","Crops and livestock products","076","Brazil","5910","Export quantity","02959.99","Other raw skins of other animals, preserved","2023","2023","t","3.48","A","Official figure",""
"TCL","Crops and livestock products","076","Brazil","5910","Export quantity","01699","Other stimulant, spice and aromatic crops, n.e.c.","2023","2023","t","929.34","I","Value imputed by a receiving agency",""
"TCL","Crops and livestock products","076","Brazil","5910","Export quantity","21330.90","Other vegetables provisionally preserved","2023","2023","t","570.89","A","Official figure",""
"TCL","Crops and livestock products","076","Brazil","5910","Export quantity","01290.90","Other vegetables, fresh n.e.c.","2023","2023","t","1201.16","I","Value imputed by a receiving agency",""
"TCL","Crops and livestock products","076","Brazil","5910","Export quantity","01491.02","Palm kernels","2023","2023","t","0.2","A","Official figure",""
"TCL","Crops and livestock products","076","Brazil","5910","Export quantity","2165","Palm oil","2023","2023","t","13739.83","A","Official figure",""
"TCL","Crops and livestock products","076","Brazil","5910","Export quantity","01317","Papayas","2023","2023","t","37852.31","A","Official figure",""
"TCL","Crops and livestock products","076","Brazil","5910","Export quantity","21399.01","Paste of tomatoes","2023","2023","t","2177.72","A","Official figure",""
"TCL","Crops and livestock products","076","Brazil","5910","Export quantity","F0022","Pastry","2023","2023","t","52924.88","I","Value imputed by a receiving agency",""
"TCL","Crops and livestock products","076","Brazil","5910","Export quantity","01345","Peaches and nectarines","2023","2023","t","57.34","A","Official figure",""
"TCL","Crops and livestock products","076","Brazil","5910","Export quantity","01342.01","Pears","2023","2023","t","112.55","A","Official figure",""
"TCL","Crops and livestock products","076","Brazil","5910","Export quantity","01705","Peas, dry","2023","2023","t","8.34","I","Value imputed by a receiving agency",""
"TCL","Crops and livestock products","076","Brazil","5910","Export quantity","01242","Peas, green","2023","2023","t","4.99","A","Official figure",""
"TCL","Crops and livestock products","076","Brazil","5910","Export quantity","01651","Pepper (Piper spp.), raw","2023","2023","t","80701.97","I","Value imputed by a receiving agency",""
"TCL","Crops and livestock products","076","Brazil","5910","Export quantity","01359.01","Persimmons","2023","2023","t","507.66","A","Official figure",""
"TCL","Crops and livestock products","076","Brazil","5910","Export quantity","21521","Pig fat, rendered","2023","2023","t","7219.27","A","Official figure",""
"TCL","Crops and livestock products","076","Brazil","5910","Export quantity","F1042","Pig meat preparations","2023","2023","t","7228.61","A","Official figure",""
"TCL","Crops and livestock products","076","Brazil","5910","Export quantity","21181","Pig meat, cuts, salted, dried or smoked (bacon and ham)","2023","2023","t","390.32","A","Official figure",""
"TCL","Crops and livestock products","076","Brazil","5910","Export quantity","01707","Pigeon peas, dry","2023","2023","t","6.66","A","Official figure",""
"TCL","Crops and livestock products","076","Brazil","5910","Export quantity","21433","Pineapple juice","2023","2023","t","12.74","A","Official figure",""
"TCL","Crops and livestock products","076","Brazil","5910","Export quantity","01318","Pineapples","2023","2023","t","2827.19","A","Official figure",""
"TCL","Crops and livestock products","076","Brazil","5910","Export quantity","21491","Pineapples, otherwise prepared or preserved","2023","2023","t","454.03","A","Official figure",""
"TCL","Crops and livestock products","076","Brazil","5910","Export quantity","01375","Pistachios, in shell","2023","2023","t","1.24","I","Value imputed by a receiving agency",""
"TCL","Crops and livestock products","076","Brazil","5910","Export quantity","01313","Plantains and cooking bananas","2023","2023","t","456.42","A","Official figure",""
"TCL","Crops and livestock products","076","Brazil","5910","Export quantity","01346","Plums and sloes","2023","2023","t","30.05","A","Official figure",""
"TCL","Crops and livestock products","076","Brazil","5910","Export quantity","21412","Plums, dried","2023","2023","t","3.6","I","Value imputed by a receiving agency",""
"TCL","Crops and livestock products","076","Brazil","5910","Export quantity","01321","Pomelos and grapefruits","2023","2023","t","15.96","A","Official figure",""
"TCL","Crops and livestock products","076","Brazil","5910","Export quantity","01510","Potatoes","2023","2023","t","13213.7","A","Official figure",""
"TCL","Crops and livestock products","076","Brazil","5910","Export quantity","21313","Potatoes, frozen","2023","2023","t","16651.19","A","Official figure",""
"TCL","Crops and livestock products","076","Brazil","5910","Export quantity","21522","Poultry fat, rendered","2023","2023","t","1190.32","A","Official figure",""
"TCL","Crops and livestock products","076","Brazil","5910","Export quantity","F1061","Poultry meat preparations","2023","2023","t","122587.31","A","Official figure",""
"TCL","Crops and livestock products","076","Brazil","5910","Export quantity","21495.01","Prepared groundnuts","2023","2023","t","8002.44","A","Official figure",""
"TCL","Crops and livestock products","076","Brazil","5910","Export quantity","F0235","Prepared nuts","2023","2023","t","1488.24","I","Value imputed by a receiving agency",""
"TCL","Crops and livestock products","076","Brazil","5910","Export quantity","22251.04","Processed cheese","2023","2023","t","899.72","A","Official figure",""
"TCL","Crops and livestock products","076","Brazil","5910","Export quantity","39120.15","Pulp, waste of fruit for feed","2023","2023","t","297426.16","A","Official figure",""
"TCL","Crops and livestock products","076","Brazil","5910","Export quantity","01235","Pumpkins, squash and gourds","2023","2023","t","3449.61","A","Official figure",""
"TCL","Crops and livestock products","076","Brazil","5910","Export quantity","23999.04","Pyrethrum extract","2023","2023","t","0","A","Official figure",""
"TCL","Crops and livestock products","076","Brazil","5910","Export quantity","01342.02","Quinces","2023","2023","t","0.02","A","Official figure",""
"TCL","Crops and livestock products","076","Brazil","5910","Export quantity","01194","Quinoa","2023","2023","t","0.18","A","Official figure",""
"TCL","Crops and livestock products","076","Brazil","5910","Export quantity","21411","Raisins","2023","2023","t","289.96","A","Official figure",""
"TCL","Crops and livestock products","076","Brazil","5910","Export quantity","01443","Rape or colza seed","2023","2023","t","10626.12","A","Official figure",""
"TCL","Crops and livestock products","076","Brazil","5910","Export quantity","21641.01","Rapeseed or canola oil, crude","2023","2023","t","1243.09","A","Official figure",""
"TCL","Crops and livestock products","076","Brazil","5910","Export quantity","01353.01","Raspberries","2023","2023","t","4.24","A","Official figure",""
"TCL","Crops and livestock products","076","Brazil","5910","Export quantity","2351f","Raw cane or beet sugar (centrifugal only)","2023","2023","t","27038174.97","A","Official figure",""
"TCL","Crops and livestock products","076","Brazil","5910","Export quantity","02211","Raw milk of cattle","2023","2023","t","2992.44","A","Official figure",""
"TCL","Crops and livestock products","076","Brazil","5910","Export quantity","23530","Refined cane or beet sugar, in solid form, containing added flavouring or colouring matter; maple sugar and maple syrup","2023","2023","t","2.92","I","Value imputed by a receiving agency",""
"TCL","Crops and livestock products","076","Brazil","5910","Export quantity","23520","Refined sugar","2023","2023","t","4247024.06","I","Value imputed by a receiving agency",""
"TCL","Crops and livestock products","076","Brazil","5910","Export quantity","21932.02","Residues of fatty substances","2023","2023","t","0.01","A","Official figure",""
"TCL","Crops and livestock products","076","Brazil","5910","Export quantity","0113","Rice","2023","2023","t","808173.67","A","Official figure",""
"TCL","Crops and livestock products","076","Brazil","5910","Export quantity","23161.03","Rice, broken","2023","2023","t","432728.71","A","Official figure",""
"TCL","Crops and livestock products","076","Brazil","5910","Export quantity","23161.02","Rice, milled","2023","2023","t","191425.77","A","Official figure",""
"TCL","Crops and livestock products","076","Brazil","5910","Export quantity","F0030","Rice, paddy (rice milled equivalent)","2023","2023","t","1168989.47","E","Estimated value",""
"TCL","Crops and livestock products","076","Brazil","5910","Export quantity","0116","Rye","2023","2023","t","28.08","A","Official figure",""
"TCL","Crops and livestock products","076","Brazil","5910","Export quantity","01446","Safflower seed","2023","2023","t","0","A","Official figure",""
"TCL","Crops and livestock products","076","Brazil","5910","Export quantity","21184.02","Sausages and similar products of meat, offal or blood of pig","2023","2023","t","137402.38","A","Official figure",""
"TCL","Crops and livestock products","076","Brazil","5910","Export quantity","01444","Sesame seed","2023","2023","t","151215.85","A","Official figure",""
"TCL","Crops and livestock products","076","Brazil","5908","Export quantity","02122","Sheep","2023","2023","An","57","A","Official figure",""
"TCL","Crops and livestock products","076","Brazil","5910","Export quantity","02941","Shorn wool, greasy, including fleece-washed shorn wool","2023","2023","t","4805.56","A","Official figure",""
"TCL","Crops and livestock products","076","Brazil","5910","Export quantity","39211","Silk waste","2023","2023","t","71.37","A","Official figure",""
"TCL","Crops and livestock products","076","Brazil","5910","Export quantity","22212","Skim milk and whey powder","2023","2023","t","82.88","A","Official figure",""
"TCL","Crops and livestock products","076","Brazil","5910","Export quantity","22110.02","Skim milk of cows","2023","2023","t","1905.91","A","Official figure",""
"TCL","Crops and livestock products","076","Brazil","5910","Export quantity","02955.90","Skins, furs","2023","2023","t","0.54","A","Official figure",""
"TCL","Crops and livestock products","076","Brazil","5910","Export quantity","02959.03","Skins, pig, wet salted","2023","2023","t","89.13","A","Official figure",""
"TCL","Crops and livestock products","076","Brazil","5910","Export quantity","02953.03","Skins, wet-salted of sheep","2023","2023","t","23.8","A","Official figure",""
"TCL","Crops and livestock products","076","Brazil","5910","Export quantity","0114","Sorghum","2023","2023","t","33880.15","A","Official figure",""
"TCL","Crops and livestock products","076","Brazil","5910","Export quantity","2161","Soya bean oil","2023","2023","t","2333865.17","I","Value imputed by a receiving agency",""
"TCL","Crops and livestock products","076","Brazil","5910","Export quantity","0141","Soya beans","2023","2023","t","101869901.16","A","Official figure",""
"TCL","Crops and livestock products","076","Brazil","5910","Export quantity","23995.01","Soya sauce","2023","2023","t","1895.36","A","Official figure",""
"TCL","Crops and livestock products","076","Brazil","5910","Export quantity","01215","Spinach","2023","2023","t","39.94","A","Official figure",""
"TCL","Crops and livestock products","076","Brazil","5910","Export quantity","23220.06","Starch of cassava","2023","2023","t","23412.69","A","Official figure",""
"TCL","Crops and livestock products","076","Brazil","5910","Export quantity","01354","Strawberries","2023","2023","t","179.78","A","Official figure",""
"TCL","Crops and livestock products","076","Brazil","5910","Export quantity","23210.04","Sugar and syrups n.e.c.","2023","2023","t","16575.16","I","Value imputed by a receiving agency",""
"TCL","Crops and livestock products","076","Brazil","5910","Export quantity","01801","Sugar beet","2023","2023","t","4.19","A","Official figure",""
"TCL","Crops and livestock products","076","Brazil","5910","Export quantity","01802","Sugar cane","2023","2023","t","783.02","A","Official figure",""
"TCL","Crops and livestock products","076","Brazil","5910","Export quantity","23670.01","Sugar confectionery","2023","2023","t","98671.1","I","Value imputed by a receiving agency",""
"TCL","Crops and livestock products","076","Brazil","5910","Export quantity","01445","Sunflower seed","2023","2023","t","34.6","A","Official figure",""
"TCL","Crops and livestock products","076","Brazil","5910","Export quantity","21631.01","Sunflower-seed oil, crude","2023","2023","t","245.83","I","Value imputed by a receiving agency",""
"TCL","Crops and livestock products","076","Brazil","5910","Export quantity","21319.01","Sweet corn, frozen","2023","2023","t","605.2","A","Official figure",""
"TCL","Crops and livestock products","076","Brazil","5910","Export quantity","21399.03","Sweet corn, prepared or preserved","2023","2023","t","17289.59","A","Official figure",""
"TCL","Crops and livestock products","076","Brazil","5910","Export quantity","01530","Sweet potatoes","2023","2023","t","13347.52","A","Official figure",""
"TCL","Crops and livestock products","076","Brazil","5908","Export quantity","02140","Swine / pigs","2023","2023","An","4399","A","Official figure",""
"TCL","Crops and livestock products","076","Brazil","5910","Export quantity","21523","Tallow","2023","2023","t","245120.64","A","Official figure",""
"TCL","Crops and livestock products","076","Brazil","5910","Export quantity","01324","Tangerines, mandarins, clementines","2023","2023","t","126.89","A","Official figure",""
"TCL","Crops and livestock products","076","Brazil","5910","Export quantity","23230.02","Tapioca of cassava","2023","2023","t","3896.44","A","Official figure",""
"TCL","Crops and livestock products","076","Brazil","5910","Export quantity","01550","Taro","2023","2023","t","112.37","A","Official figure",""
"TCL","Crops and livestock products","076","Brazil","5910","Export quantity","01620","Tea leaves","2023","2023","t","213.07","I","Value imputed by a receiving agency",""
"TCL","Crops and livestock products","076","Brazil","5910","Export quantity","21321","Tomato juice","2023","2023","t","20.84","A","Official figure",""
"TCL","Crops and livestock products","076","Brazil","5910","Export quantity","01234","Tomatoes","2023","2023","t","1510.53","A","Official figure",""
"TCL","Crops and livestock products","076","Brazil","5910","Export quantity","21399.02","Tomatoes, peeled (o/t vinegar)","2023","2023","t","48.06","A","Official figure",""
"TCL","Crops and livestock products","076","Brazil","5909","Export quantity","02152","Turkeys","2023","2023","1000 An","0","A","Official figure",""
"TCL","Crops and livestock products","076","Brazil","5910","Export quantity","23710","Uncooked pasta, not stuffed or otherwise prepared","2023","2023","t","8660.71","A","Official figure",""
"TCL","Crops and livestock products","076","Brazil","5910","Export quantity","2413","Undenatured ethyl alcohol of an alcoholic strength by volume of less than 80% vol; spirits, liqueurs and other spirituous beverages","2023","2023","t","36854.43","A","Official figure",""
"TCL","Crops and livestock products","076","Brazil","5910","Export quantity","01970","Unmanufactured tobacco","2023","2023","t","476566.48","A","Official figure",""
"TCL","Crops and livestock products","076","Brazil","5910","Export quantity","01658","Vanilla, raw","2023","2023","t","0.12","A","Official figure",""
"TCL","Crops and livestock products","076","Brazil","5910","Export quantity","01990.01","Vegetable products, fresh or dry n.e.c.","2023","2023","t","168.83","I","Value imputed by a receiving agency",""
"TCL","Crops and livestock products","076","Brazil","5910","Export quantity","21931","Vegetable waxes (other than triglycerides), whether or not refined or coloured","2023","2023","t","13048.94","I","Value imputed by a receiving agency",""
"TCL","Crops and livestock products","076","Brazil","5910","Export quantity","F0473","Vegetables frozen","2023","2023","t","281.8","A","Official figure",""
"TCL","Crops and livestock products","076","Brazil","5910","Export quantity","F0475","Vegetables preserved (frozen)","2023","2023","t","15.26","A","Official figure",""
"TCL","Crops and livestock products","076","Brazil","5910","Export quantity","F0472","Vegetables preserved nes (o/t vinegar)","2023","2023","t","9166.69","A","Official figure",""
"TCL","Crops and livestock products","076","Brazil","5910","Export quantity","21393.90","Vegetables, dehydrated","2023","2023","t","574.02","I","Value imputed by a receiving agency",""
"TCL","Crops and livestock products","076","Brazil","5910","Export quantity","21340","Vegetables, pulses and potatoes, preserved by vinegar or acetic acid","2023","2023","t","524.08","A","Official figure",""
"TCL","Crops and livestock products","076","Brazil","5910","Export quantity","24220","Vermouth and other wine of fresh grapes flavoured with plats or aromatic substances","2023","2023","t","193.67","A","Official figure",""
"TCL","Crops and livestock products","076","Brazil","5910","Export quantity","01376","Walnuts, in shell","2023","2023","t","4.15","A","Official figure",""
"TCL","Crops and livestock products","076","Brazil","5910","Export quantity","21429.02","Walnuts, shelled","2023","2023","t","241.03","A","Official figure",""
"TCL","Crops and livestock products","076","Brazil","5910","Export quantity","01221","Watermelons","2023","2023","t","114225","A","Official figure",""
"TCL","Crops and livestock products","076","Brazil","5910","Export quantity","0111","Wheat","2023","2023","t","2354625.26","A","Official figure",""
"TCL","Crops and livestock products","076","Brazil","5910","Export quantity","23110","Wheat and meslin flour","2023","2023","t","10588.77","A","Official figure",""
"TCL","Crops and livestock products","076","Brazil","5910","Export quantity","22251.03","Whey cheese","2023","2023","t","1453.58","I","Value imputed by a receiving agency",""
"TCL","Crops and livestock products","076","Brazil","5910","Export quantity","22130.02","Whey, dry","2023","2023","t","2164.86","A","Official figure",""
"TCL","Crops and livestock products","076","Brazil","5910","Export quantity","22211","Whole milk powder","2023","2023","t","437.2","I","Value imputed by a receiving agency",""
"TCL","Crops and livestock products","076","Brazil","5910","Export quantity","22222.01","Whole milk, condensed","2023","2023","t","10172.05","A","Official figure",""
"TCL","Crops and livestock products","076","Brazil","5910","Export quantity","22221.01","Whole milk, evaporated","2023","2023","t","0.72","A","Official figure",""
"TCL","Crops and livestock products","076","Brazil","5910","Export quantity","24212.02","Wine","2023","2023","t","6040.03","A","Official figure",""
"TCL","Crops and livestock products","076","Brazil","5910","Export quantity","F0994","Wool grease and lanolin","2023","2023","t","199.58","A","Official figure",""
"TCL","Crops and livestock products","076","Brazil","5910","Export quantity","F1009","Wool, hair waste","2023","2023","t","0.1","A","Official figure",""
"TCL","Crops and livestock products","076","Brazil","5910","Export quantity","01540","Yams","2023","2023","t","6904.15","A","Official figure",""
"TCL","Crops and livestock products","076","Brazil","5910","Export quantity","01591","Yautia","2023","2023","t","3.65","A","Official figure",""
"TCL","Crops and livestock products","076","Brazil","5910","Export quantity","22230.02","Yoghurt, with additives","2023","2023","t","407.06","A","Official figure",""
